order_number,feedback,score,sentence_sentiments,sentiment_classifications,keywords,categorized_feedback,overall_sentiment,sentiment_classification,mismatch
ORD-83634,"The experience was average. It works as described, but I expected more features. The experience was average.",7,"[-0.15, 0.2, -0.15]","['Negative', 'Positive', 'Negative']","['experience average', 'features experience', 'experience', 'expected features', 'average works']",Other,0.025,Neutral,False
ORD-69012,Very dissatisfied. It didn't meet my needs. The order arrived late and was damaged. Customer service was unhelpful. Very dissatisfied. It didn't meet my needs.,2,"[0.2, 0.0, -0.3, 0.0, 0.2, 0.0]","['Positive', 'Neutral', 'Negative', 'Neutral', 'Positive', 'Neutral']","['dissatisfied', 'dissatisfied didn', 'unhelpful dissatisfied', 'customer service', 'customer']",Support Experience,0.03333333333333335,Neutral,False
ORD-54946,"Delivery was on time, but packaging could be better.",5,[0.5],['Positive'],"['packaging better', 'delivery time', 'packaging', 'time packaging', 'delivery']",Other,0.5,Positive,True
ORD-30642,The order arrived late and was damaged.,1,[-0.3],['Negative'],"['order arrived', 'late damaged', 'arrived late', 'order', 'damaged']",Product Quality,-0.3,Negative,False
ORD-26775,I'm disappointed with the product quality. I won't be purchasing again.,3,"[-0.75, 0.0]","['Negative', 'Neutral']","['product quality', 'disappointed product', 'quality', 'quality won', 'disappointed']",Product Quality,-0.75,Negative,False
ORD-18816,I'm disappointed with the product quality. The order arrived late and was damaged. The order arrived late and was damaged.,2,"[-0.75, -0.3, -0.3]","['Negative', 'Negative', 'Negative']","['product quality', 'quality order', 'quality', 'disappointed product', 'order arrived']",Product Quality,-0.45,Negative,False
ORD-22655,Very dissatisfied. It didn't meet my needs.,2,"[0.2, 0.0]","['Positive', 'Neutral']","['dissatisfied didn', 'dissatisfied', 'meet needs', 'needs', 'didn']",Other,0.2,Positive,True
ORD-15879,"The product was okay, nothing special. Delivery was on time, but packaging could be better.",7,"[0.4285714285714286, 0.5]","['Positive', 'Positive']","['packaging better', 'packaging', 'special delivery', 'time packaging', 'delivery time']",Other,0.4523809523809524,Positive,False
ORD-97344,I love the product! It exceeded my expectations.,9,"[0.625, 0.0]","['Positive', 'Neutral']","['love product', 'product', 'product exceeded', 'exceeded expectations', 'love']",Other,0.625,Positive,False
ORD-26659,Everything was delivered ahead of schedule. Everything was delivered ahead of schedule.,8,"[0.0, 0.0]","['Neutral', 'Neutral']","['schedule delivered', 'delivered ahead', 'ahead schedule', 'delivered', 'schedule']",Other,0.0,Neutral,False
ORD-01967,Very satisfied with the quality and support. Very satisfied with the quality and support.,10,"[0.65, 0.65]","['Positive', 'Positive']","['satisfied quality', 'support satisfied', 'quality support', 'satisfied', 'quality']",Product Quality,0.65,Positive,False
ORD-43307,"It works as described, but I expected more features.",6,[0.2],['Positive'],"['features', 'works described', 'expected features', 'works', 'described']",Other,0.2,Positive,False
ORD-06226,"The product was okay, nothing special. Nothing stood out, but nothing was particularly bad either.",5,"[0.4285714285714286, -0.6999999999999998]","['Positive', 'Negative']","['product okay', 'product', 'particularly bad', 'bad', 'special stood']",Other,0.05238095238095245,Neutral,False
ORD-54335,Everything was delivered ahead of schedule. I love the product! It exceeded my expectations. I had a fantastic experience. Will definitely return. Customer service was excellent and very responsive.,9,"[0.0, 0.625, 0.0, 0.4, 0.0, 0.6]","['Neutral', 'Positive', 'Neutral', 'Positive', 'Neutral', 'Positive']","['delivered ahead', 'ahead schedule', 'delivered', 'schedule', 'expectations fantastic']",Other,0.445,Positive,False
ORD-54859,Everything was delivered ahead of schedule. Very satisfied with the quality and support. I love the product! It exceeded my expectations. I had a fantastic experience. Will definitely return.,9,"[0.0, 0.65, 0.625, 0.0, 0.4, 0.0]","['Neutral', 'Positive', 'Positive', 'Neutral', 'Positive', 'Neutral']","['schedule satisfied', 'delivered ahead', 'ahead schedule', 'delivered', 'schedule']",Other,0.41874999999999996,Positive,False
ORD-80763,The order arrived late and was damaged. I won't be purchasing again.,2,"[-0.3, 0.0]","['Negative', 'Neutral']","['order arrived', 'order', 'damaged', 'won purchasing', 'arrived']",Product Quality,-0.3,Negative,False
ORD-84292,I love the product! It exceeded my expectations. I had a fantastic experience. Will definitely return. I had a fantastic experience. Will definitely return.,10,"[0.625, 0.0, 0.4, 0.0, 0.4, 0.0]","['Positive', 'Neutral', 'Positive', 'Neutral', 'Positive', 'Neutral']","['definitely return', 'fantastic experience', 'return', 'return fantastic', 'experience definitely']",Other,0.285,Positive,False
ORD-14715,"Nothing stood out, but nothing was particularly bad either. The experience was average. Delivery was on time, but packaging could be better.",5,"[-0.6999999999999998, -0.15, 0.5]","['Negative', 'Negative', 'Positive']","['packaging better', 'packaging', 'average delivery', 'time packaging', 'bad experience']",Other,-0.11666666666666663,Negative,False
ORD-47541,"Delivery was on time, but packaging could be better. The product was okay, nothing special.",7,"[0.5, 0.4285714285714286]","['Positive', 'Positive']","['packaging better', 'delivery time', 'packaging', 'time packaging', 'delivery']",Other,0.4523809523809524,Positive,False
ORD-52549,"It works as described, but I expected more features.",7,[0.2],['Positive'],"['features', 'works described', 'expected features', 'works', 'described']",Other,0.2,Positive,False
ORD-69888,I had a fantastic experience. Will definitely return. Very satisfied with the quality and support.,10,"[0.4, 0.0, 0.65]","['Positive', 'Neutral', 'Positive']","['definitely return', 'return satisfied', 'quality support', 'return', 'fantastic experience']",Other,0.35000000000000003,Positive,False
ORD-14192,The order arrived late and was damaged.,1,[-0.3],['Negative'],"['order arrived', 'late damaged', 'arrived late', 'order', 'damaged']",Product Quality,-0.3,Negative,False
ORD-39613,"It works as described, but I expected more features. It works as described, but I expected more features. The product was okay, nothing special.",7,"[0.2, 0.2, 0.4285714285714286]","['Positive', 'Positive', 'Positive']","['features works', 'features product', 'features', 'works described', 'expected features']",Other,0.2761904761904762,Positive,False
ORD-37012,The order arrived late and was damaged.,2,[-0.3],['Negative'],"['order arrived', 'late damaged', 'arrived late', 'order', 'damaged']",Product Quality,-0.3,Negative,False
ORD-33550,Everything was delivered ahead of schedule. I love the product! It exceeded my expectations.,8,"[0.0, 0.625, 0.0]","['Neutral', 'Positive', 'Neutral']","['delivered ahead', 'ahead schedule', 'delivered', 'schedule', 'expectations']",Other,0.625,Positive,False
ORD-16902,"Nothing stood out, but nothing was particularly bad either.",5,[-0.6999999999999998],['Negative'],"['stood particularly', 'particularly bad', 'bad', 'stood', 'particularly']",Other,-0.6999999999999998,Negative,False
ORD-13943,Everything was delivered ahead of schedule. Very satisfied with the quality and support. Everything was delivered ahead of schedule.,10,"[0.0, 0.65, 0.0]","['Neutral', 'Positive', 'Neutral']","['delivered ahead', 'ahead schedule', 'schedule satisfied', 'support delivered', 'delivered']",Other,0.65,Positive,False
ORD-13379,Customer service was excellent and very responsive.,9,[0.6],['Positive'],"['service excellent', 'customer service', 'excellent responsive', 'customer', 'service']",Support Experience,0.6,Positive,False
ORD-14462,I won't be purchasing again. Very dissatisfied. It didn't meet my needs. Customer service was unhelpful. I won't be purchasing again.,3,"[0.0, 0.2, 0.0, 0.0, 0.0]","['Neutral', 'Positive', 'Neutral', 'Neutral', 'Neutral']","['purchasing dissatisfied', 'needs customer', 'customer', 'dissatisfied', 'customer service']",Support Experience,0.2,Positive,True
ORD-14947,Very satisfied with the quality and support. Customer service was excellent and very responsive.,8,"[0.65, 0.6]","['Positive', 'Positive']","['quality support', 'satisfied quality', 'service excellent', 'quality', 'excellent responsive']",Product Quality,0.6166666666666666,Positive,False
ORD-21105,Customer service was excellent and very responsive.,8,[0.6],['Positive'],"['service excellent', 'customer service', 'excellent responsive', 'customer', 'service']",Support Experience,0.6,Positive,False
ORD-63854,"Delivery was on time, but packaging could be better. The product was okay, nothing special. Delivery was on time, but packaging could be better. The product was okay, nothing special.",5,"[0.5, 0.4285714285714286, 0.5, 0.4285714285714286]","['Positive', 'Positive', 'Positive', 'Positive']","['packaging better', 'delivery time', 'time packaging', 'packaging', 'special delivery']",Other,0.4523809523809524,Positive,True
ORD-40350,I had a fantastic experience. Will definitely return. I love the product! It exceeded my expectations.,9,"[0.4, 0.0, 0.625, 0.0]","['Positive', 'Neutral', 'Positive', 'Neutral']","['definitely return', 'fantastic experience', 'return', 'experience definitely', 'return love']",Other,0.3416666666666666,Positive,False
ORD-69781,Very satisfied with the quality and support.,8,[0.65],['Positive'],"['satisfied quality', 'quality support', 'quality', 'satisfied', 'support']",Product Quality,0.65,Positive,False
ORD-58519,"Nothing stood out, but nothing was particularly bad either. The experience was average.",7,"[-0.6999999999999998, -0.15]","['Negative', 'Negative']","['experience average', 'bad experience', 'experience', 'average', 'stood particularly']",Other,-0.42499999999999993,Negative,True
ORD-60496,Very satisfied with the quality and support.,9,[0.65],['Positive'],"['satisfied quality', 'quality support', 'quality', 'satisfied', 'support']",Product Quality,0.65,Positive,False
ORD-22608,Very dissatisfied. It didn't meet my needs. I won't be purchasing again. I'm disappointed with the product quality. Very dissatisfied. It didn't meet my needs.,3,"[0.2, 0.0, 0.0, -0.75, 0.2, 0.0]","['Positive', 'Neutral', 'Neutral', 'Negative', 'Positive', 'Neutral']","['quality dissatisfied', 'dissatisfied', 'product quality', 'dissatisfied didn', 'quality']",Product Quality,-0.11666666666666668,Negative,False
ORD-59632,Customer service was excellent and very responsive. I love the product! It exceeded my expectations. I love the product! It exceeded my expectations. Very satisfied with the quality and support.,8,"[0.6, 0.625, 0.0, 0.625, 0.0, 0.65]","['Positive', 'Positive', 'Neutral', 'Positive', 'Neutral', 'Positive']","['customer service', 'quality support', 'excellent responsive', 'service excellent', 'customer']",Support Experience,0.62,Positive,False
ORD-08254,The order arrived late and was damaged. The order arrived late and was damaged.,2,"[-0.3, -0.3]","['Negative', 'Negative']","['damaged order', 'order arrived', 'late damaged', 'order', 'arrived late']",Other,-0.3,Negative,False
ORD-97903,I had a fantastic experience. Will definitely return. Customer service was excellent and very responsive. Everything was delivered ahead of schedule. Customer service was excellent and very responsive.,9,"[0.4, 0.0, 0.6, 0.0, 0.6]","['Positive', 'Neutral', 'Positive', 'Neutral', 'Positive']","['return customer', 'responsive delivered', 'definitely return', 'service excellent', 'customer service']",Support Experience,0.4666666666666666,Positive,False
ORD-20736,"The product was okay, nothing special. The product was okay, nothing special. It works as described, but I expected more features. It works as described, but I expected more features.",6,"[0.4285714285714286, 0.4285714285714286, 0.2, 0.2]","['Positive', 'Positive', 'Positive', 'Positive']","['features works', 'product okay', 'special product', 'features', 'expected features']",Other,0.3142857142857143,Positive,False
ORD-00901,Everything was delivered ahead of schedule.,10,[0.0],['Neutral'],"['ahead schedule', 'delivered ahead', 'schedule', 'delivered', 'ahead']",Other,0.0,Neutral,False
ORD-00997,Everything was delivered ahead of schedule. I had a fantastic experience. Will definitely return. I love the product! It exceeded my expectations.,9,"[0.0, 0.4, 0.0, 0.625, 0.0]","['Neutral', 'Positive', 'Neutral', 'Positive', 'Neutral']","['delivered ahead', 'ahead schedule', 'delivered', 'schedule fantastic', 'definitely return']",Other,0.3416666666666666,Positive,False
ORD-12193,"The product was okay, nothing special. It works as described, but I expected more features. It works as described, but I expected more features.",5,"[0.4285714285714286, 0.2, 0.2]","['Positive', 'Positive', 'Positive']","['features works', 'features', 'product okay', 'expected features', 'works described']",Other,0.27619047619047615,Positive,True
ORD-83376,Everything was delivered ahead of schedule.,9,[0.0],['Neutral'],"['ahead schedule', 'delivered ahead', 'schedule', 'delivered', 'ahead']",Other,0.0,Neutral,False
ORD-04597,Very dissatisfied. It didn't meet my needs. I won't be purchasing again. Very dissatisfied. It didn't meet my needs.,1,"[0.2, 0.0, 0.0, 0.2, 0.0]","['Positive', 'Neutral', 'Neutral', 'Positive', 'Neutral']","['dissatisfied', 'dissatisfied didn', 'purchasing dissatisfied', 'purchasing', 'won purchasing']",Other,0.2,Positive,True
ORD-28167,I love the product! It exceeded my expectations.,9,"[0.625, 0.0]","['Positive', 'Neutral']","['love product', 'product', 'product exceeded', 'exceeded expectations', 'love']",Other,0.625,Positive,False
ORD-50397,Everything was delivered ahead of schedule. I love the product! It exceeded my expectations. Very satisfied with the quality and support. I had a fantastic experience. Will definitely return.,9,"[0.0, 0.625, 0.0, 0.65, 0.4, 0.0]","['Neutral', 'Positive', 'Neutral', 'Positive', 'Positive', 'Neutral']","['delivered ahead', 'ahead schedule', 'expectations satisfied', 'delivered', 'schedule']",Other,0.41874999999999996,Positive,False
ORD-17500,I love the product! It exceeded my expectations.,9,"[0.625, 0.0]","['Positive', 'Neutral']","['love product', 'product', 'product exceeded', 'exceeded expectations', 'love']",Other,0.625,Positive,False
ORD-08375,Everything was delivered ahead of schedule. Everything was delivered ahead of schedule. I had a fantastic experience. Will definitely return. Very satisfied with the quality and support.,8,"[0.0, 0.0, 0.4, 0.0, 0.65]","['Neutral', 'Neutral', 'Positive', 'Neutral', 'Positive']","['schedule delivered', 'delivered ahead', 'ahead schedule', 'delivered', 'schedule']",Other,0.35000000000000003,Positive,False
ORD-55967,Very satisfied with the quality and support. Very satisfied with the quality and support. Very satisfied with the quality and support.,10,"[0.65, 0.65, 0.65]","['Positive', 'Positive', 'Positive']","['satisfied quality', 'support satisfied', 'quality support', 'satisfied', 'quality']",Product Quality,0.65,Positive,False
ORD-00323,I'm disappointed with the product quality. I won't be purchasing again. Customer service was unhelpful. Customer service was unhelpful.,2,"[-0.75, 0.0, 0.0, 0.0]","['Negative', 'Neutral', 'Neutral', 'Neutral']","['product quality', 'disappointed product', 'quality', 'quality won', 'unhelpful customer']",Product Quality,-0.75,Negative,False
ORD-40542,I love the product! It exceeded my expectations. Customer service was excellent and very responsive. Everything was delivered ahead of schedule.,9,"[0.625, 0.0, 0.6, 0.0]","['Positive', 'Neutral', 'Positive', 'Neutral']","['excellent responsive', 'service excellent', 'love product', 'responsive delivered', 'expectations customer']",Other,0.6083333333333333,Positive,False
ORD-83961,"Nothing stood out, but nothing was particularly bad either.",4,[-0.6999999999999998],['Negative'],"['stood particularly', 'particularly bad', 'bad', 'stood', 'particularly']",Other,-0.6999999999999998,Negative,False
ORD-92236,"It works as described, but I expected more features. Nothing stood out, but nothing was particularly bad either.",7,"[0.2, -0.6999999999999998]","['Positive', 'Negative']","['works described', 'features', 'bad', 'features stood', 'expected features']",Other,-0.09999999999999994,Neutral,False
ORD-62915,Customer service was excellent and very responsive.,10,[0.6],['Positive'],"['service excellent', 'customer service', 'excellent responsive', 'customer', 'service']",Support Experience,0.6,Positive,False
ORD-90355,"It works as described, but I expected more features.",7,[0.2],['Positive'],"['features', 'works described', 'expected features', 'works', 'described']",Other,0.2,Positive,False
ORD-37062,"The product was okay, nothing special.",5,[0.4285714285714286],['Positive'],"['product okay', 'special', 'product', 'okay special', 'okay']",Other,0.4285714285714286,Positive,True
ORD-55687,Customer service was unhelpful.,2,[0.0],['Neutral'],"['service unhelpful', 'unhelpful', 'customer service', 'customer', 'service']",Support Experience,0.0,Neutral,False
ORD-92949,I love the product! It exceeded my expectations. I love the product! It exceeded my expectations. Customer service was excellent and very responsive. Everything was delivered ahead of schedule.,9,"[0.625, 0.0, 0.625, 0.0, 0.6, 0.0]","['Positive', 'Neutral', 'Positive', 'Neutral', 'Positive', 'Neutral']","['excellent responsive', 'service excellent', 'responsive delivered', 'love product', 'expectations customer']",Other,0.6125,Positive,False
ORD-52422,Very dissatisfied. It didn't meet my needs. Customer service was unhelpful. Very dissatisfied. It didn't meet my needs.,1,"[0.2, 0.0, 0.0, 0.2, 0.0]","['Positive', 'Neutral', 'Neutral', 'Positive', 'Neutral']","['dissatisfied', 'dissatisfied didn', 'unhelpful dissatisfied', 'customer service', 'needs customer']",Support Experience,0.2,Positive,True
ORD-80184,Very satisfied with the quality and support. Very satisfied with the quality and support. I had a fantastic experience. Will definitely return.,10,"[0.65, 0.65, 0.4, 0.0]","['Positive', 'Positive', 'Positive', 'Neutral']","['quality support', 'support satisfied', 'satisfied quality', 'quality', 'satisfied']",Product Quality,0.42500000000000004,Positive,False
ORD-48854,"Nothing stood out, but nothing was particularly bad either. Delivery was on time, but packaging could be better. Delivery was on time, but packaging could be better. Delivery was on time, but packaging could be better.",5,"[-0.6999999999999998, 0.5, 0.5, 0.5]","['Negative', 'Positive', 'Positive', 'Positive']","['packaging better', 'packaging', 'bad delivery', 'time packaging', 'delivery time']",Other,0.20000000000000004,Positive,True
ORD-28087,I had a fantastic experience. Will definitely return.,9,"[0.4, 0.0]","['Positive', 'Neutral']","['definitely return', 'fantastic experience', 'return', 'experience definitely', 'experience']",Other,0.2,Positive,False
ORD-66258,I had a fantastic experience. Will definitely return. I had a fantastic experience. Will definitely return. Very satisfied with the quality and support.,10,"[0.4, 0.0, 0.4, 0.0, 0.65]","['Positive', 'Neutral', 'Positive', 'Neutral', 'Positive']","['definitely return', 'return satisfied', 'return', 'quality support', 'fantastic experience']",Other,0.29000000000000004,Positive,False
ORD-51582,Everything was delivered ahead of schedule. Everything was delivered ahead of schedule.,10,"[0.0, 0.0]","['Neutral', 'Neutral']","['schedule delivered', 'delivered ahead', 'ahead schedule', 'delivered', 'schedule']",Other,0.0,Neutral,False
ORD-08460,"Nothing stood out, but nothing was particularly bad either.",4,[-0.6999999999999998],['Negative'],"['stood particularly', 'particularly bad', 'bad', 'stood', 'particularly']",Other,-0.6999999999999998,Negative,False
ORD-06524,Very satisfied with the quality and support. Very satisfied with the quality and support. Customer service was excellent and very responsive. I had a fantastic experience. Will definitely return.,9,"[0.65, 0.65, 0.6, 0.4, 0.0]","['Positive', 'Positive', 'Positive', 'Positive', 'Neutral']","['quality support', 'satisfied quality', 'support satisfied', 'quality', 'satisfied']",Product Quality,0.48333333333333334,Positive,False
ORD-49604,Very satisfied with the quality and support. Very satisfied with the quality and support.,9,"[0.65, 0.65]","['Positive', 'Positive']","['satisfied quality', 'support satisfied', 'quality support', 'satisfied', 'quality']",Product Quality,0.65,Positive,False
ORD-38890,Everything was delivered ahead of schedule. Very satisfied with the quality and support. Everything was delivered ahead of schedule. Very satisfied with the quality and support.,9,"[0.0, 0.65, 0.0, 0.65]","['Neutral', 'Positive', 'Neutral', 'Positive']","['delivered ahead', 'schedule satisfied', 'ahead schedule', 'support delivered', 'delivered']",Other,0.65,Positive,False
ORD-35037,Very satisfied with the quality and support.,9,[0.65],['Positive'],"['satisfied quality', 'quality support', 'quality', 'satisfied', 'support']",Product Quality,0.65,Positive,False
ORD-45736,Customer service was unhelpful. Very dissatisfied. It didn't meet my needs. I won't be purchasing again.,2,"[0.0, 0.2, 0.0, 0.0]","['Neutral', 'Positive', 'Neutral', 'Neutral']","['customer service', 'customer', 'service unhelpful', 'unhelpful dissatisfied', 'service']",Support Experience,0.2,Positive,True
ORD-08035,I had a fantastic experience. Will definitely return. Customer service was excellent and very responsive. Very satisfied with the quality and support.,8,"[0.4, 0.0, 0.6, 0.65]","['Positive', 'Neutral', 'Positive', 'Positive']","['return customer', 'quality support', 'responsive satisfied', 'excellent responsive', 'service excellent']",Other,0.45,Positive,False
ORD-04461,Customer service was excellent and very responsive. Very satisfied with the quality and support. Customer service was excellent and very responsive. I love the product! It exceeded my expectations.,9,"[0.6, 0.65, 0.6, 0.625, 0.0]","['Positive', 'Positive', 'Positive', 'Positive', 'Neutral']","['customer service', 'support customer', 'service excellent', 'quality support', 'responsive satisfied']",Support Experience,0.6125,Positive,False
ORD-44042,I had a fantastic experience. Will definitely return.,10,"[0.4, 0.0]","['Positive', 'Neutral']","['definitely return', 'fantastic experience', 'return', 'experience definitely', 'experience']",Other,0.2,Positive,False
ORD-51014,I love the product! It exceeded my expectations. I love the product! It exceeded my expectations. I had a fantastic experience. Will definitely return.,8,"[0.625, 0.0, 0.625, 0.0, 0.4, 0.0]","['Positive', 'Neutral', 'Positive', 'Neutral', 'Positive', 'Neutral']","['love product', 'definitely return', 'fantastic experience', 'expectations fantastic', 'return']",Other,0.4125,Positive,False
ORD-56725,Everything was delivered ahead of schedule. I love the product! It exceeded my expectations. I had a fantastic experience. Will definitely return.,10,"[0.0, 0.625, 0.0, 0.4, 0.0]","['Neutral', 'Positive', 'Neutral', 'Positive', 'Neutral']","['delivered ahead', 'ahead schedule', 'delivered', 'expectations fantastic', 'schedule']",Other,0.3416666666666666,Positive,False
ORD-84899,Everything was delivered ahead of schedule. Very satisfied with the quality and support. I had a fantastic experience. Will definitely return. I love the product! It exceeded my expectations.,9,"[0.0, 0.65, 0.4, 0.0, 0.625, 0.0]","['Neutral', 'Positive', 'Positive', 'Neutral', 'Positive', 'Neutral']","['schedule satisfied', 'delivered ahead', 'ahead schedule', 'delivered', 'schedule']",Other,0.41875,Positive,False
ORD-98457,"It works as described, but I expected more features.",5,[0.2],['Positive'],"['features', 'works described', 'expected features', 'works', 'described']",Other,0.2,Positive,True
ORD-60946,Very satisfied with the quality and support. I love the product! It exceeded my expectations. Customer service was excellent and very responsive. Everything was delivered ahead of schedule.,8,"[0.65, 0.625, 0.0, 0.6, 0.0]","['Positive', 'Positive', 'Neutral', 'Positive', 'Neutral']","['quality support', 'satisfied quality', 'quality', 'service excellent', 'excellent responsive']",Product Quality,0.61875,Positive,False
ORD-66205,Very satisfied with the quality and support. I had a fantastic experience. Will definitely return. Everything was delivered ahead of schedule. Customer service was excellent and very responsive.,9,"[0.65, 0.4, 0.0, 0.0, 0.6]","['Positive', 'Positive', 'Neutral', 'Neutral', 'Positive']","['quality support', 'satisfied quality', 'service excellent', 'quality', 'support fantastic']",Product Quality,0.45,Positive,False
ORD-20837,Everything was delivered ahead of schedule.,9,[0.0],['Neutral'],"['ahead schedule', 'delivered ahead', 'schedule', 'delivered', 'ahead']",Other,0.0,Neutral,False
ORD-92208,"It works as described, but I expected more features. Delivery was on time, but packaging could be better.",5,"[0.2, 0.5]","['Positive', 'Positive']","['features delivery', 'packaging better', 'packaging', 'delivery', 'time packaging']",Other,0.3,Positive,True
ORD-87145,I had a fantastic experience. Will definitely return. Customer service was excellent and very responsive.,8,"[0.4, 0.0, 0.6]","['Positive', 'Neutral', 'Positive']","['return customer', 'definitely return', 'excellent responsive', 'service excellent', 'fantastic experience']",Other,0.39999999999999997,Positive,False
ORD-29784,Everything was delivered ahead of schedule. Customer service was excellent and very responsive.,10,"[0.0, 0.6]","['Neutral', 'Positive']","['delivered ahead', 'ahead schedule', 'schedule customer', 'delivered', 'service excellent']",Other,0.6,Positive,False
ORD-44303,I had a fantastic experience. Will definitely return.,10,"[0.4, 0.0]","['Positive', 'Neutral']","['definitely return', 'fantastic experience', 'return', 'experience definitely', 'experience']",Other,0.2,Positive,False
ORD-87686,I'm disappointed with the product quality. I'm disappointed with the product quality. I won't be purchasing again.,2,"[-0.75, -0.75, 0.0]","['Negative', 'Negative', 'Neutral']","['quality disappointed', 'product quality', 'disappointed product', 'quality', 'quality won']",Product Quality,-0.75,Negative,False
ORD-81941,I love the product! It exceeded my expectations. Customer service was excellent and very responsive. I had a fantastic experience. Will definitely return. I love the product! It exceeded my expectations.,10,"[0.625, 0.0, 0.6, 0.4, 0.0, 0.625, 0.0]","['Positive', 'Neutral', 'Positive', 'Positive', 'Neutral', 'Positive', 'Neutral']","['excellent responsive', 'responsive fantastic', 'service excellent', 'responsive', 'love product']",Other,0.47500000000000003,Positive,False
ORD-16865,"It works as described, but I expected more features. The product was okay, nothing special. Delivery was on time, but packaging could be better.",5,"[0.2, 0.4285714285714286, 0.5]","['Positive', 'Positive', 'Positive']","['features product', 'packaging better', 'works described', 'special delivery', 'product okay']",Other,0.3514285714285714,Positive,True
ORD-29965,"It works as described, but I expected more features.",4,[0.2],['Positive'],"['features', 'works described', 'expected features', 'works', 'described']",Other,0.2,Positive,True
ORD-65129,"The experience was average. Delivery was on time, but packaging could be better. The product was okay, nothing special.",7,"[-0.15, 0.5, 0.4285714285714286]","['Negative', 'Positive', 'Positive']","['average delivery', 'packaging better', 'packaging', 'delivery time', 'time packaging']",Other,0.30178571428571427,Positive,False
ORD-49817,"The product was okay, nothing special.",4,[0.4285714285714286],['Positive'],"['product okay', 'special', 'product', 'okay special', 'okay']",Other,0.4285714285714286,Positive,True
ORD-06196,"The experience was average. It works as described, but I expected more features. Nothing stood out, but nothing was particularly bad either.",6,"[-0.15, 0.2, -0.6999999999999998]","['Negative', 'Positive', 'Negative']","['experience average', 'experience', 'average works', 'expected features', 'average']",Other,-0.11249999999999996,Negative,True
ORD-11036,I'm disappointed with the product quality. I'm disappointed with the product quality.,2,"[-0.75, -0.75]","['Negative', 'Negative']","['quality disappointed', 'product quality', 'disappointed product', 'quality', 'disappointed']",Product Quality,-0.75,Negative,False
ORD-34901,I had a fantastic experience. Will definitely return. Very satisfied with the quality and support. I had a fantastic experience. Will definitely return. I love the product! It exceeded my expectations.,9,"[0.4, 0.0, 0.65, 0.4, 0.0, 0.625, 0.0]","['Positive', 'Neutral', 'Positive', 'Positive', 'Neutral', 'Positive', 'Neutral']","['return satisfied', 'definitely return', 'return', 'quality support', 'return love']",Other,0.3458333333333334,Positive,False
ORD-82461,"It works as described, but I expected more features. Nothing stood out, but nothing was particularly bad either.",6,"[0.2, -0.6999999999999998]","['Positive', 'Negative']","['works described', 'features', 'bad', 'features stood', 'expected features']",Other,-0.09999999999999994,Neutral,False
ORD-01203,I love the product! It exceeded my expectations. Very satisfied with the quality and support. Customer service was excellent and very responsive.,9,"[0.625, 0.0, 0.65, 0.6]","['Positive', 'Neutral', 'Positive', 'Positive']","['excellent responsive', 'quality support', 'service excellent', 'satisfied quality', 'love product']",Other,0.61875,Positive,False
ORD-54401,Everything was delivered ahead of schedule. I had a fantastic experience. Will definitely return.,10,"[0.0, 0.4, 0.0]","['Neutral', 'Positive', 'Neutral']","['definitely return', 'delivered ahead', 'delivered', 'schedule fantastic', 'fantastic experience']",Other,0.2,Positive,False
ORD-94794,Very dissatisfied. It didn't meet my needs.,1,"[0.2, 0.0]","['Positive', 'Neutral']","['dissatisfied didn', 'dissatisfied', 'meet needs', 'needs', 'didn']",Other,0.2,Positive,True
ORD-41301,I love the product! It exceeded my expectations. I love the product! It exceeded my expectations. Everything was delivered ahead of schedule.,9,"[0.625, 0.0, 0.625, 0.0, 0.0]","['Positive', 'Neutral', 'Positive', 'Neutral', 'Neutral']","['love product', 'expectations delivered', 'delivered ahead', 'product', 'expectations love']",Other,0.625,Positive,False
ORD-39717,"Nothing stood out, but nothing was particularly bad either. Nothing stood out, but nothing was particularly bad either.",7,"[-0.6999999999999998, -0.6999999999999998]","['Negative', 'Negative']","['bad stood', 'stood particularly', 'stood', 'particularly bad', 'bad']",Other,-0.6999999999999998,Negative,True
ORD-62543,"The product was okay, nothing special. Nothing stood out, but nothing was particularly bad either. The product was okay, nothing special.",7,"[0.4285714285714286, -0.6999999999999998, 0.4285714285714286]","['Positive', 'Negative', 'Positive']","['bad product', 'product okay', 'product', 'special stood', 'special']",Other,0.2028571428571429,Positive,False
ORD-45955,Very satisfied with the quality and support. Everything was delivered ahead of schedule. I love the product! It exceeded my expectations. I had a fantastic experience. Will definitely return.,8,"[0.65, 0.0, 0.625, 0.0, 0.4, 0.0]","['Positive', 'Neutral', 'Positive', 'Neutral', 'Positive', 'Neutral']","['quality support', 'satisfied quality', 'support delivered', 'quality', 'satisfied']",Product Quality,0.41874999999999996,Positive,False
ORD-07034,I love the product! It exceeded my expectations.,8,"[0.625, 0.0]","['Positive', 'Neutral']","['love product', 'product', 'product exceeded', 'exceeded expectations', 'love']",Other,0.625,Positive,False
ORD-57935,I won't be purchasing again. I'm disappointed with the product quality. The order arrived late and was damaged. The order arrived late and was damaged.,2,"[0.0, -0.75, -0.3, -0.3]","['Neutral', 'Negative', 'Negative', 'Negative']","['product quality', 'quality', 'quality order', 'disappointed product', 'damaged']",Product Quality,-0.45,Negative,False
ORD-17316,I'm disappointed with the product quality. I'm disappointed with the product quality. Customer service was unhelpful.,3,"[-0.75, -0.75, 0.0]","['Negative', 'Negative', 'Neutral']","['quality disappointed', 'product quality', 'disappointed product', 'quality customer', 'quality']",Product Quality,-0.75,Negative,False
ORD-86172,I love the product! It exceeded my expectations. I had a fantastic experience. Will definitely return. I love the product! It exceeded my expectations.,8,"[0.625, 0.0, 0.4, 0.0, 0.625, 0.0]","['Positive', 'Neutral', 'Positive', 'Neutral', 'Positive', 'Neutral']","['love product', 'fantastic experience', 'definitely return', 'expectations fantastic', 'experience definitely']",Other,0.4125,Positive,False
ORD-36376,Customer service was excellent and very responsive. Customer service was excellent and very responsive. Customer service was excellent and very responsive. Everything was delivered ahead of schedule.,9,"[0.6, 0.6, 0.6, 0.0]","['Positive', 'Positive', 'Positive', 'Neutral']","['service excellent', 'customer service', 'responsive customer', 'customer', 'responsive delivered']",Support Experience,0.6000000000000001,Positive,False
ORD-03518,Everything was delivered ahead of schedule. Everything was delivered ahead of schedule. Everything was delivered ahead of schedule. Everything was delivered ahead of schedule.,10,"[0.0, 0.0, 0.0, 0.0]","['Neutral', 'Neutral', 'Neutral', 'Neutral']","['schedule delivered', 'delivered ahead', 'ahead schedule', 'delivered', 'schedule']",Other,0.0,Neutral,False
ORD-92019,"The product was okay, nothing special.",4,[0.4285714285714286],['Positive'],"['product okay', 'special', 'product', 'okay special', 'okay']",Other,0.4285714285714286,Positive,True
ORD-17470,I love the product! It exceeded my expectations.,10,"[0.625, 0.0]","['Positive', 'Neutral']","['love product', 'product', 'product exceeded', 'exceeded expectations', 'love']",Other,0.625,Positive,False
ORD-77539,Everything was delivered ahead of schedule. Everything was delivered ahead of schedule. Everything was delivered ahead of schedule.,10,"[0.0, 0.0, 0.0]","['Neutral', 'Neutral', 'Neutral']","['schedule delivered', 'delivered ahead', 'ahead schedule', 'delivered', 'schedule']",Other,0.0,Neutral,False
ORD-65029,I love the product! It exceeded my expectations.,9,"[0.625, 0.0]","['Positive', 'Neutral']","['love product', 'product', 'product exceeded', 'exceeded expectations', 'love']",Other,0.625,Positive,False
ORD-87640,"Nothing stood out, but nothing was particularly bad either. Delivery was on time, but packaging could be better.",5,"[-0.6999999999999998, 0.5]","['Negative', 'Positive']","['packaging better', 'bad delivery', 'packaging', 'time packaging', 'delivery time']",Other,-0.09999999999999992,Neutral,False
ORD-75001,Very satisfied with the quality and support.,10,[0.65],['Positive'],"['satisfied quality', 'quality support', 'quality', 'satisfied', 'support']",Product Quality,0.65,Positive,False
ORD-60208,"Nothing stood out, but nothing was particularly bad either. It works as described, but I expected more features. It works as described, but I expected more features. Delivery was on time, but packaging could be better.",4,"[-0.6999999999999998, 0.2, 0.2, 0.5]","['Negative', 'Positive', 'Positive', 'Positive']","['features delivery', 'packaging better', 'features works', 'packaging', 'time packaging']",Other,0.10000000000000003,Positive,True
ORD-13251,I love the product! It exceeded my expectations. Everything was delivered ahead of schedule.,9,"[0.625, 0.0, 0.0]","['Positive', 'Neutral', 'Neutral']","['love product', 'expectations delivered', 'delivered ahead', 'ahead schedule', 'delivered']",Other,0.625,Positive,False
ORD-85826,Customer service was excellent and very responsive. Everything was delivered ahead of schedule.,8,"[0.6, 0.0]","['Positive', 'Neutral']","['service excellent', 'customer service', 'responsive delivered', 'customer', 'excellent responsive']",Support Experience,0.6,Positive,False
ORD-87746,"Delivery was on time, but packaging could be better. Delivery was on time, but packaging could be better. Delivery was on time, but packaging could be better.",4,"[0.5, 0.5, 0.5]","['Positive', 'Positive', 'Positive']","['delivery time', 'packaging better', 'time packaging', 'better delivery', 'packaging']",Other,0.5,Positive,True
ORD-55260,"Delivery was on time, but packaging could be better. The product was okay, nothing special. The experience was average.",4,"[0.5, 0.4285714285714286, -0.15]","['Positive', 'Positive', 'Negative']","['packaging better', 'delivery time', 'packaging', 'delivery', 'time packaging']",Other,0.3017857142857143,Positive,True
ORD-90093,"The product was okay, nothing special.",7,[0.4285714285714286],['Positive'],"['product okay', 'special', 'product', 'okay special', 'okay']",Other,0.4285714285714286,Positive,False
ORD-53363,I love the product! It exceeded my expectations.,10,"[0.625, 0.0]","['Positive', 'Neutral']","['love product', 'product', 'product exceeded', 'exceeded expectations', 'love']",Other,0.625,Positive,False
ORD-62189,I had a fantastic experience. Will definitely return. I love the product! It exceeded my expectations.,8,"[0.4, 0.0, 0.625, 0.0]","['Positive', 'Neutral', 'Positive', 'Neutral']","['definitely return', 'fantastic experience', 'return', 'experience definitely', 'return love']",Other,0.3416666666666666,Positive,False
ORD-15941,Customer service was unhelpful. The order arrived late and was damaged. Very dissatisfied. It didn't meet my needs. Very dissatisfied. It didn't meet my needs.,3,"[0.0, -0.3, 0.2, 0.0, 0.2, 0.0]","['Neutral', 'Negative', 'Positive', 'Neutral', 'Positive', 'Neutral']","['customer service', 'customer', 'order arrived', 'service unhelpful', 'damaged dissatisfied']",Support Experience,0.03333333333333335,Neutral,False
ORD-87981,Very satisfied with the quality and support. Everything was delivered ahead of schedule.,9,"[0.65, 0.0]","['Positive', 'Neutral']","['support delivered', 'satisfied quality', 'quality support', 'satisfied', 'delivered ahead']",Other,0.65,Positive,False
ORD-68673,"Delivery was on time, but packaging could be better. It works as described, but I expected more features. Delivery was on time, but packaging could be better. Nothing stood out, but nothing was particularly bad either.",7,"[0.5, 0.2, 0.5, -0.6999999999999998]","['Positive', 'Positive', 'Positive', 'Negative']","['packaging better', 'delivery time', 'packaging', 'time packaging', 'delivery']",Other,0.14,Positive,False
ORD-68588,I had a fantastic experience. Will definitely return. Very satisfied with the quality and support. I love the product! It exceeded my expectations.,8,"[0.4, 0.0, 0.65, 0.625, 0.0]","['Positive', 'Neutral', 'Positive', 'Positive', 'Neutral']","['return satisfied', 'definitely return', 'quality support', 'return', 'satisfied quality']",Other,0.41875,Positive,False
ORD-90473,I had a fantastic experience. Will definitely return. Customer service was excellent and very responsive. Customer service was excellent and very responsive.,10,"[0.4, 0.0, 0.6, 0.6]","['Positive', 'Neutral', 'Positive', 'Positive']","['return customer', 'definitely return', 'service excellent', 'responsive customer', 'excellent responsive']",Other,0.4666666666666666,Positive,False
ORD-07152,"The experience was average. The product was okay, nothing special. Nothing stood out, but nothing was particularly bad either.",5,"[-0.15, 0.4285714285714286, -0.6999999999999998]","['Negative', 'Positive', 'Negative']","['experience average', 'experience', 'average product', 'average', 'product okay']",Other,0.0017857142857143071,Neutral,False
ORD-85456,I'm disappointed with the product quality.,1,[-0.75],['Negative'],"['disappointed product', 'product quality', 'quality', 'disappointed', 'product']",Product Quality,-0.75,Negative,False
ORD-47612,"Nothing stood out, but nothing was particularly bad either. Nothing stood out, but nothing was particularly bad either.",5,"[-0.6999999999999998, -0.6999999999999998]","['Negative', 'Negative']","['bad stood', 'stood particularly', 'stood', 'particularly bad', 'bad']",Other,-0.6999999999999998,Negative,False
ORD-37941,Everything was delivered ahead of schedule. Very satisfied with the quality and support.,8,"[0.0, 0.65]","['Neutral', 'Positive']","['delivered ahead', 'schedule satisfied', 'ahead schedule', 'delivered', 'quality support']",Other,0.65,Positive,False
ORD-46627,Customer service was unhelpful. I won't be purchasing again. Very dissatisfied. It didn't meet my needs.,3,"[0.0, 0.0, 0.2, 0.0]","['Neutral', 'Neutral', 'Positive', 'Neutral']","['customer service', 'customer', 'purchasing dissatisfied', 'service unhelpful', 'service']",Support Experience,0.2,Positive,True
ORD-79843,"Nothing stood out, but nothing was particularly bad either.",4,[-0.6999999999999998],['Negative'],"['stood particularly', 'particularly bad', 'bad', 'stood', 'particularly']",Other,-0.6999999999999998,Negative,False
ORD-08074,"The product was okay, nothing special.",4,[0.4285714285714286],['Positive'],"['product okay', 'special', 'product', 'okay special', 'okay']",Other,0.4285714285714286,Positive,True
ORD-51408,"Delivery was on time, but packaging could be better. Nothing stood out, but nothing was particularly bad either. It works as described, but I expected more features.",4,"[0.5, -0.6999999999999998, 0.2]","['Positive', 'Negative', 'Positive']","['packaging better', 'packaging', 'delivery', 'delivery time', 'time packaging']",Other,0.050000000000000044,Neutral,False
ORD-77478,Very satisfied with the quality and support. I love the product! It exceeded my expectations.,9,"[0.65, 0.625, 0.0]","['Positive', 'Positive', 'Neutral']","['quality support', 'satisfied quality', 'quality', 'satisfied', 'support']",Product Quality,0.6375,Positive,False
ORD-65791,I love the product! It exceeded my expectations. Everything was delivered ahead of schedule.,10,"[0.625, 0.0, 0.0]","['Positive', 'Neutral', 'Neutral']","['love product', 'expectations delivered', 'delivered ahead', 'ahead schedule', 'delivered']",Other,0.625,Positive,False
ORD-05772,"It works as described, but I expected more features. Nothing stood out, but nothing was particularly bad either.",4,"[0.2, -0.6999999999999998]","['Positive', 'Negative']","['works described', 'features', 'bad', 'features stood', 'expected features']",Other,-0.09999999999999994,Neutral,False
ORD-94586,Customer service was unhelpful. I'm disappointed with the product quality. I'm disappointed with the product quality.,2,"[0.0, -0.75, -0.75]","['Neutral', 'Negative', 'Negative']","['product quality', 'quality disappointed', 'disappointed product', 'quality', 'customer service']",Product Quality,-0.75,Negative,False
ORD-80316,Customer service was excellent and very responsive.,9,[0.6],['Positive'],"['service excellent', 'customer service', 'excellent responsive', 'customer', 'service']",Support Experience,0.6,Positive,False
ORD-81665,I'm disappointed with the product quality. The order arrived late and was damaged.,1,"[-0.75, -0.3]","['Negative', 'Negative']","['product quality', 'quality', 'quality order', 'disappointed product', 'order arrived']",Product Quality,-0.525,Negative,False
ORD-63220,I love the product! It exceeded my expectations.,10,"[0.625, 0.0]","['Positive', 'Neutral']","['love product', 'product', 'product exceeded', 'exceeded expectations', 'love']",Other,0.625,Positive,False
ORD-25580,"Nothing stood out, but nothing was particularly bad either. It works as described, but I expected more features.",6,"[-0.6999999999999998, 0.2]","['Negative', 'Positive']","['bad works', 'bad', 'features', 'expected features', 'described expected']",Other,-0.09999999999999994,Neutral,False
ORD-84720,"It works as described, but I expected more features.",6,[0.2],['Positive'],"['features', 'works described', 'expected features', 'works', 'described']",Other,0.2,Positive,False
ORD-82142,Everything was delivered ahead of schedule.,10,[0.0],['Neutral'],"['ahead schedule', 'delivered ahead', 'schedule', 'delivered', 'ahead']",Other,0.0,Neutral,False
ORD-81123,"It works as described, but I expected more features. It works as described, but I expected more features. The product was okay, nothing special.",7,"[0.2, 0.2, 0.4285714285714286]","['Positive', 'Positive', 'Positive']","['features works', 'features product', 'features', 'works described', 'expected features']",Other,0.2761904761904762,Positive,False
ORD-89174,Customer service was excellent and very responsive. Customer service was excellent and very responsive. Everything was delivered ahead of schedule. I had a fantastic experience. Will definitely return.,9,"[0.6, 0.6, 0.0, 0.4, 0.0]","['Positive', 'Positive', 'Neutral', 'Positive', 'Neutral']","['service excellent', 'customer service', 'responsive customer', 'responsive delivered', 'customer']",Support Experience,0.46666666666666673,Positive,False
ORD-44961,I love the product! It exceeded my expectations.,9,"[0.625, 0.0]","['Positive', 'Neutral']","['love product', 'product', 'product exceeded', 'exceeded expectations', 'love']",Other,0.625,Positive,False
ORD-63225,Customer service was unhelpful. The order arrived late and was damaged.,1,"[0.0, -0.3]","['Neutral', 'Negative']","['customer service', 'order arrived', 'late damaged', 'customer', 'service unhelpful']",Support Experience,-0.3,Negative,False
ORD-00122,"The product was okay, nothing special. The product was okay, nothing special. The product was okay, nothing special. The experience was average.",6,"[0.4285714285714286, 0.4285714285714286, 0.4285714285714286, -0.15]","['Positive', 'Positive', 'Positive', 'Negative']","['special experience', 'special product', 'product okay', 'experience', 'product']",Other,0.3459183673469388,Positive,False
ORD-00350,The order arrived late and was damaged. I won't be purchasing again. The order arrived late and was damaged.,2,"[-0.3, 0.0, -0.3]","['Negative', 'Neutral', 'Negative']","['order arrived', 'order', 'purchasing order', 'damaged', 'arrived']",Product Quality,-0.3,Negative,False
ORD-00608,"Nothing stood out, but nothing was particularly bad either. It works as described, but I expected more features.",5,"[-0.6999999999999998, 0.2]","['Negative', 'Positive']","['bad works', 'bad', 'features', 'expected features', 'described expected']",Other,-0.09999999999999994,Neutral,False
ORD-01649,I love the product! It exceeded my expectations. Everything was delivered ahead of schedule. I love the product! It exceeded my expectations.,10,"[0.625, 0.0, 0.0, 0.625, 0.0]","['Positive', 'Neutral', 'Neutral', 'Positive', 'Neutral']","['love product', 'expectations delivered', 'delivered ahead', 'product', 'ahead schedule']",Other,0.625,Positive,False
ORD-58731,Customer service was excellent and very responsive.,8,[0.6],['Positive'],"['service excellent', 'customer service', 'excellent responsive', 'customer', 'service']",Support Experience,0.6,Positive,False
ORD-32962,I love the product! It exceeded my expectations.,9,"[0.625, 0.0]","['Positive', 'Neutral']","['love product', 'product', 'product exceeded', 'exceeded expectations', 'love']",Other,0.625,Positive,False
ORD-93793,"The experience was average. Nothing stood out, but nothing was particularly bad either. It works as described, but I expected more features.",4,"[-0.15, -0.6999999999999998, 0.2]","['Negative', 'Negative', 'Positive']","['experience average', 'experience', 'average', 'expected features', 'described expected']",Other,-0.11249999999999996,Negative,False
ORD-62488,"Nothing stood out, but nothing was particularly bad either. It works as described, but I expected more features. Nothing stood out, but nothing was particularly bad either.",7,"[-0.6999999999999998, 0.2, -0.6999999999999998]","['Negative', 'Positive', 'Negative']","['features stood', 'bad works', 'bad', 'expected features', 'features']",Other,-0.24999999999999992,Negative,True
ORD-05786,Customer service was unhelpful. The order arrived late and was damaged.,3,"[0.0, -0.3]","['Neutral', 'Negative']","['customer service', 'order arrived', 'late damaged', 'customer', 'service unhelpful']",Support Experience,-0.3,Negative,False
ORD-42753,I'm disappointed with the product quality. Customer service was unhelpful. The order arrived late and was damaged.,1,"[-0.75, 0.0, -0.3]","['Negative', 'Neutral', 'Negative']","['product quality', 'quality customer', 'quality', 'disappointed product', 'customer']",Product Quality,-0.525,Negative,False
ORD-45088,Customer service was excellent and very responsive. Very satisfied with the quality and support. Very satisfied with the quality and support.,10,"[0.6, 0.65, 0.65]","['Positive', 'Positive', 'Positive']","['quality support', 'customer service', 'service excellent', 'responsive satisfied', 'excellent responsive']",Support Experience,0.625,Positive,False
ORD-08799,Very satisfied with the quality and support. Very satisfied with the quality and support.,9,"[0.65, 0.65]","['Positive', 'Positive']","['satisfied quality', 'support satisfied', 'quality support', 'satisfied', 'quality']",Product Quality,0.65,Positive,False
ORD-42443,"The experience was average. The product was okay, nothing special. The experience was average.",7,"[-0.15, 0.4285714285714286, -0.15]","['Negative', 'Positive', 'Negative']","['experience average', 'experience', 'special experience', 'average product', 'average']",Other,0.13928571428571426,Positive,False
ORD-03526,The order arrived late and was damaged. I won't be purchasing again. The order arrived late and was damaged. I'm disappointed with the product quality.,3,"[-0.3, 0.0, -0.3, -0.75]","['Negative', 'Neutral', 'Negative', 'Negative']","['order arrived', 'quality', 'product quality', 'order', 'damaged']",Product Quality,-0.45,Negative,False
ORD-98623,I had a fantastic experience. Will definitely return. I love the product! It exceeded my expectations. I love the product! It exceeded my expectations. I love the product! It exceeded my expectations.,9,"[0.4, 0.0, 0.625, 0.0, 0.625, 0.0, 0.625, 0.0]","['Positive', 'Neutral', 'Positive', 'Neutral', 'Positive', 'Neutral', 'Positive', 'Neutral']","['definitely return', 'return', 'return love', 'fantastic experience', 'product exceeded']",Other,0.45499999999999996,Positive,False
ORD-77836,I had a fantastic experience. Will definitely return. I love the product! It exceeded my expectations.,8,"[0.4, 0.0, 0.625, 0.0]","['Positive', 'Neutral', 'Positive', 'Neutral']","['definitely return', 'fantastic experience', 'return', 'experience definitely', 'return love']",Other,0.3416666666666666,Positive,False
ORD-10747,Very dissatisfied. It didn't meet my needs.,3,"[0.2, 0.0]","['Positive', 'Neutral']","['dissatisfied didn', 'dissatisfied', 'meet needs', 'needs', 'didn']",Other,0.2,Positive,True
ORD-72523,Everything was delivered ahead of schedule. Customer service was excellent and very responsive. Everything was delivered ahead of schedule.,8,"[0.0, 0.6, 0.0]","['Neutral', 'Positive', 'Neutral']","['delivered ahead', 'ahead schedule', 'schedule customer', 'responsive delivered', 'delivered']",Other,0.6,Positive,False
ORD-96650,"It works as described, but I expected more features.",4,[0.2],['Positive'],"['features', 'works described', 'expected features', 'works', 'described']",Other,0.2,Positive,True
ORD-45507,"Delivery was on time, but packaging could be better.",5,[0.5],['Positive'],"['packaging better', 'delivery time', 'packaging', 'time packaging', 'delivery']",Other,0.5,Positive,True
ORD-68211,Customer service was excellent and very responsive.,10,[0.6],['Positive'],"['service excellent', 'customer service', 'excellent responsive', 'customer', 'service']",Support Experience,0.6,Positive,False
ORD-71368,Customer service was excellent and very responsive.,10,[0.6],['Positive'],"['service excellent', 'customer service', 'excellent responsive', 'customer', 'service']",Support Experience,0.6,Positive,False
ORD-64875,"It works as described, but I expected more features. The experience was average. The product was okay, nothing special.",5,"[0.2, -0.15, 0.4285714285714286]","['Positive', 'Negative', 'Positive']","['features experience', 'features', 'expected features', 'works described', 'experience']",Other,0.22142857142857145,Positive,True
ORD-81818,Everything was delivered ahead of schedule. Very satisfied with the quality and support. I love the product! It exceeded my expectations.,10,"[0.0, 0.65, 0.625, 0.0]","['Neutral', 'Positive', 'Positive', 'Neutral']","['delivered ahead', 'schedule satisfied', 'ahead schedule', 'delivered', 'schedule']",Other,0.6375,Positive,False
ORD-90759,Customer service was unhelpful.,3,[0.0],['Neutral'],"['service unhelpful', 'unhelpful', 'customer service', 'customer', 'service']",Support Experience,0.0,Neutral,False
ORD-32649,"It works as described, but I expected more features. It works as described, but I expected more features. Nothing stood out, but nothing was particularly bad either. The experience was average.",7,"[0.2, 0.2, -0.6999999999999998, -0.15]","['Positive', 'Positive', 'Negative', 'Negative']","['features works', 'features', 'works described', 'expected features', 'experience']",Other,-0.008333333333333299,Neutral,False
ORD-77731,Everything was delivered ahead of schedule. I had a fantastic experience. Will definitely return.,10,"[0.0, 0.4, 0.0]","['Neutral', 'Positive', 'Neutral']","['definitely return', 'delivered ahead', 'delivered', 'schedule fantastic', 'fantastic experience']",Other,0.2,Positive,False
ORD-95663,I won't be purchasing again.,2,[0.0],['Neutral'],"['purchasing', 'won purchasing', 'won']",Other,0.0,Neutral,False
ORD-36316,Customer service was unhelpful.,1,[0.0],['Neutral'],"['service unhelpful', 'unhelpful', 'customer service', 'customer', 'service']",Support Experience,0.0,Neutral,False
ORD-77187,Customer service was excellent and very responsive. Everything was delivered ahead of schedule.,10,"[0.6, 0.0]","['Positive', 'Neutral']","['service excellent', 'customer service', 'responsive delivered', 'customer', 'excellent responsive']",Support Experience,0.6,Positive,False
ORD-27947,I had a fantastic experience. Will definitely return. I had a fantastic experience. Will definitely return.,9,"[0.4, 0.0, 0.4, 0.0]","['Positive', 'Neutral', 'Positive', 'Neutral']","['definitely return', 'fantastic experience', 'return fantastic', 'return', 'experience definitely']",Other,0.2,Positive,False
ORD-04712,I had a fantastic experience. Will definitely return. Customer service was excellent and very responsive. I had a fantastic experience. Will definitely return. Everything was delivered ahead of schedule.,10,"[0.4, 0.0, 0.6, 0.4, 0.0, 0.0]","['Positive', 'Neutral', 'Positive', 'Positive', 'Neutral', 'Neutral']","['return delivered', 'return customer', 'definitely return', 'return', 'service excellent']",Other,0.3333333333333333,Positive,False
ORD-15260,"Delivery was on time, but packaging could be better. Delivery was on time, but packaging could be better.",7,"[0.5, 0.5]","['Positive', 'Positive']","['delivery time', 'packaging better', 'time packaging', 'better delivery', 'packaging']",Other,0.5,Positive,False
ORD-31915,I had a fantastic experience. Will definitely return.,8,"[0.4, 0.0]","['Positive', 'Neutral']","['definitely return', 'fantastic experience', 'return', 'experience definitely', 'experience']",Other,0.2,Positive,False
ORD-34382,I'm disappointed with the product quality. I won't be purchasing again. I'm disappointed with the product quality. Very dissatisfied. It didn't meet my needs.,2,"[-0.75, 0.0, -0.75, 0.2, 0.0]","['Negative', 'Neutral', 'Negative', 'Positive', 'Neutral']","['product quality', 'quality', 'quality dissatisfied', 'quality won', 'disappointed product']",Product Quality,-0.43333333333333335,Negative,False
ORD-09978,"The product was okay, nothing special. Delivery was on time, but packaging could be better. The product was okay, nothing special.",4,"[0.4285714285714286, 0.5, 0.4285714285714286]","['Positive', 'Positive', 'Positive']","['packaging better', 'packaging', 'special delivery', 'product okay', 'time packaging']",Other,0.4428571428571429,Positive,True
ORD-96802,Customer service was unhelpful. The order arrived late and was damaged.,1,"[0.0, -0.3]","['Neutral', 'Negative']","['customer service', 'order arrived', 'late damaged', 'customer', 'service unhelpful']",Support Experience,-0.3,Negative,False
ORD-64789,Very dissatisfied. It didn't meet my needs. The order arrived late and was damaged. The order arrived late and was damaged.,2,"[0.2, 0.0, -0.3, -0.3]","['Positive', 'Neutral', 'Negative', 'Negative']","['dissatisfied', 'dissatisfied didn', 'order arrived', 'order', 'needs order']",Other,-0.13333333333333333,Negative,False
ORD-89704,Very dissatisfied. It didn't meet my needs. Customer service was unhelpful. Customer service was unhelpful. I won't be purchasing again.,3,"[0.2, 0.0, 0.0, 0.0, 0.0]","['Positive', 'Neutral', 'Neutral', 'Neutral', 'Neutral']","['dissatisfied', 'dissatisfied didn', 'unhelpful customer', 'customer service', 'needs customer']",Support Experience,0.2,Positive,True
ORD-88257,"Nothing stood out, but nothing was particularly bad either.",4,[-0.6999999999999998],['Negative'],"['stood particularly', 'particularly bad', 'bad', 'stood', 'particularly']",Other,-0.6999999999999998,Negative,False
ORD-92430,I'm disappointed with the product quality. Very dissatisfied. It didn't meet my needs.,3,"[-0.75, 0.2, 0.0]","['Negative', 'Positive', 'Neutral']","['product quality', 'disappointed product', 'quality dissatisfied', 'quality', 'dissatisfied']",Product Quality,-0.275,Negative,False
ORD-78274,The order arrived late and was damaged. Very dissatisfied. It didn't meet my needs. The order arrived late and was damaged.,1,"[-0.3, 0.2, 0.0, -0.3]","['Negative', 'Positive', 'Neutral', 'Negative']","['order arrived', 'order', 'needs order', 'late damaged', 'damaged dissatisfied']",Other,-0.13333333333333333,Negative,False
ORD-49268,"The product was okay, nothing special. It works as described, but I expected more features.",4,"[0.4285714285714286, 0.2]","['Positive', 'Positive']","['product okay', 'features', 'special works', 'works described', 'expected features']",Other,0.3142857142857143,Positive,True
ORD-50753,Customer service was excellent and very responsive.,8,[0.6],['Positive'],"['service excellent', 'customer service', 'excellent responsive', 'customer', 'service']",Support Experience,0.6,Positive,False
ORD-31102,The experience was average.,6,[-0.15],['Negative'],"['experience average', 'experience', 'average']",Other,-0.15,Negative,True
ORD-70693,I won't be purchasing again. Customer service was unhelpful.,3,"[0.0, 0.0]","['Neutral', 'Neutral']","['purchasing customer', 'customer', 'customer service', 'service unhelpful', 'won purchasing']",Support Experience,0.0,Neutral,False
ORD-87085,I'm disappointed with the product quality.,3,[-0.75],['Negative'],"['disappointed product', 'product quality', 'quality', 'disappointed', 'product']",Product Quality,-0.75,Negative,False
ORD-94826,"Delivery was on time, but packaging could be better. The experience was average.",4,"[0.5, -0.15]","['Positive', 'Negative']","['packaging better', 'delivery time', 'packaging', 'time packaging', 'delivery']",Other,0.175,Positive,True
ORD-65913,I had a fantastic experience. Will definitely return. Everything was delivered ahead of schedule.,10,"[0.4, 0.0, 0.0]","['Positive', 'Neutral', 'Neutral']","['definitely return', 'return delivered', 'fantastic experience', 'return', 'delivered ahead']",Other,0.2,Positive,False
ORD-26112,Customer service was excellent and very responsive. I had a fantastic experience. Will definitely return. Everything was delivered ahead of schedule.,8,"[0.6, 0.4, 0.0, 0.0]","['Positive', 'Positive', 'Neutral', 'Neutral']","['customer service', 'service excellent', 'return delivered', 'excellent responsive', 'customer']",Support Experience,0.4,Positive,False
ORD-07799,The experience was average.,6,[-0.15],['Negative'],"['experience average', 'experience', 'average']",Other,-0.15,Negative,True
ORD-02892,Customer service was unhelpful.,3,[0.0],['Neutral'],"['service unhelpful', 'unhelpful', 'customer service', 'customer', 'service']",Support Experience,0.0,Neutral,False
ORD-56319,"The product was okay, nothing special. Delivery was on time, but packaging could be better.",4,"[0.4285714285714286, 0.5]","['Positive', 'Positive']","['packaging better', 'packaging', 'special delivery', 'time packaging', 'delivery time']",Other,0.4523809523809524,Positive,True
ORD-62448,The experience was average.,4,[-0.15],['Negative'],"['experience average', 'experience', 'average']",Other,-0.15,Negative,False
ORD-10879,I had a fantastic experience. Will definitely return.,10,"[0.4, 0.0]","['Positive', 'Neutral']","['definitely return', 'fantastic experience', 'return', 'experience definitely', 'experience']",Other,0.2,Positive,False
ORD-03678,Customer service was excellent and very responsive. Everything was delivered ahead of schedule. Customer service was excellent and very responsive.,8,"[0.6, 0.0, 0.6]","['Positive', 'Neutral', 'Positive']","['service excellent', 'customer service', 'schedule customer', 'responsive delivered', 'customer']",Support Experience,0.6000000000000001,Positive,False
ORD-84652,I love the product! It exceeded my expectations.,8,"[0.625, 0.0]","['Positive', 'Neutral']","['love product', 'product', 'product exceeded', 'exceeded expectations', 'love']",Other,0.625,Positive,False
ORD-85597,"It works as described, but I expected more features.",5,[0.2],['Positive'],"['features', 'works described', 'expected features', 'works', 'described']",Other,0.2,Positive,True
ORD-11466,"Delivery was on time, but packaging could be better. Delivery was on time, but packaging could be better.",5,"[0.5, 0.5]","['Positive', 'Positive']","['delivery time', 'packaging better', 'time packaging', 'better delivery', 'packaging']",Other,0.5,Positive,True
ORD-70186,"The product was okay, nothing special.",6,[0.4285714285714286],['Positive'],"['product okay', 'special', 'product', 'okay special', 'okay']",Other,0.4285714285714286,Positive,False
ORD-66310,"Delivery was on time, but packaging could be better. It works as described, but I expected more features. The experience was average.",7,"[0.5, 0.2, -0.15]","['Positive', 'Positive', 'Negative']","['packaging better', 'delivery time', 'delivery', 'packaging', 'time packaging']",Other,0.1875,Positive,False
ORD-60070,"Delivery was on time, but packaging could be better. Delivery was on time, but packaging could be better.",4,"[0.5, 0.5]","['Positive', 'Positive']","['delivery time', 'packaging better', 'time packaging', 'better delivery', 'packaging']",Other,0.5,Positive,True
ORD-91607,Customer service was unhelpful. The order arrived late and was damaged.,1,"[0.0, -0.3]","['Neutral', 'Negative']","['customer service', 'order arrived', 'late damaged', 'customer', 'service unhelpful']",Support Experience,-0.3,Negative,False
ORD-29895,I'm disappointed with the product quality. Very dissatisfied. It didn't meet my needs. The order arrived late and was damaged. I won't be purchasing again.,2,"[-0.75, 0.2, 0.0, -0.3, 0.0]","['Negative', 'Positive', 'Neutral', 'Negative', 'Neutral']","['product quality', 'quality', 'quality dissatisfied', 'disappointed product', 'damaged']",Product Quality,-0.2833333333333334,Negative,False
ORD-08043,"It works as described, but I expected more features. The product was okay, nothing special. The product was okay, nothing special. The product was okay, nothing special.",6,"[0.2, 0.4285714285714286, 0.4285714285714286, 0.4285714285714286]","['Positive', 'Positive', 'Positive', 'Positive']","['features product', 'special product', 'product okay', 'features', 'works described']",Other,0.37142857142857144,Positive,False
ORD-83021,Customer service was excellent and very responsive. Customer service was excellent and very responsive. I love the product! It exceeded my expectations.,10,"[0.6, 0.6, 0.625, 0.0]","['Positive', 'Positive', 'Positive', 'Neutral']","['customer service', 'responsive customer', 'service excellent', 'customer', 'excellent responsive']",Support Experience,0.6050000000000001,Positive,False
ORD-39798,I had a fantastic experience. Will definitely return.,10,"[0.4, 0.0]","['Positive', 'Neutral']","['definitely return', 'fantastic experience', 'return', 'experience definitely', 'experience']",Other,0.2,Positive,False
ORD-24809,Customer service was excellent and very responsive. Customer service was excellent and very responsive. Customer service was excellent and very responsive.,9,"[0.6, 0.6, 0.6]","['Positive', 'Positive', 'Positive']","['responsive customer', 'service excellent', 'customer service', 'customer', 'excellent responsive']",Support Experience,0.6000000000000001,Positive,False
ORD-64513,Customer service was excellent and very responsive. Very satisfied with the quality and support. Very satisfied with the quality and support.,9,"[0.6, 0.65, 0.65]","['Positive', 'Positive', 'Positive']","['quality support', 'customer service', 'service excellent', 'responsive satisfied', 'excellent responsive']",Support Experience,0.625,Positive,False
ORD-78234,Everything was delivered ahead of schedule. Customer service was excellent and very responsive. I love the product! It exceeded my expectations.,8,"[0.0, 0.6, 0.625, 0.0]","['Neutral', 'Positive', 'Positive', 'Neutral']","['delivered ahead', 'ahead schedule', 'schedule customer', 'delivered', 'schedule']",Other,0.6083333333333333,Positive,False
ORD-25142,I had a fantastic experience. Will definitely return. Customer service was excellent and very responsive. Customer service was excellent and very responsive. Everything was delivered ahead of schedule.,8,"[0.4, 0.0, 0.6, 0.6, 0.0]","['Positive', 'Neutral', 'Positive', 'Positive', 'Neutral']","['return customer', 'definitely return', 'service excellent', 'responsive delivered', 'responsive customer']",Other,0.4666666666666666,Positive,False
ORD-44168,Customer service was unhelpful. I won't be purchasing again. Very dissatisfied. It didn't meet my needs.,2,"[0.0, 0.0, 0.2, 0.0]","['Neutral', 'Neutral', 'Positive', 'Neutral']","['customer service', 'customer', 'purchasing dissatisfied', 'service unhelpful', 'service']",Support Experience,0.2,Positive,True
ORD-77703,"The product was okay, nothing special. Delivery was on time, but packaging could be better. It works as described, but I expected more features. Delivery was on time, but packaging could be better.",4,"[0.4285714285714286, 0.5, 0.2, 0.5]","['Positive', 'Positive', 'Positive', 'Positive']","['packaging better', 'packaging', 'special delivery', 'delivery time', 'time packaging']",Other,0.3761904761904762,Positive,True
ORD-39108,Very satisfied with the quality and support. I had a fantastic experience. Will definitely return. Very satisfied with the quality and support. Customer service was excellent and very responsive.,9,"[0.65, 0.4, 0.0, 0.65, 0.6]","['Positive', 'Positive', 'Neutral', 'Positive', 'Positive']","['quality support', 'satisfied quality', 'return satisfied', 'support customer', 'quality']",Product Quality,0.4833333333333334,Positive,False
ORD-43692,"Delivery was on time, but packaging could be better.",4,[0.5],['Positive'],"['packaging better', 'delivery time', 'packaging', 'time packaging', 'delivery']",Other,0.5,Positive,True
ORD-79575,I'm disappointed with the product quality. The order arrived late and was damaged. I won't be purchasing again.,2,"[-0.75, -0.3, 0.0]","['Negative', 'Negative', 'Neutral']","['product quality', 'quality', 'quality order', 'disappointed product', 'order arrived']",Product Quality,-0.525,Negative,False
ORD-55724,Customer service was excellent and very responsive. Very satisfied with the quality and support.,10,"[0.6, 0.65]","['Positive', 'Positive']","['service excellent', 'customer service', 'quality support', 'excellent responsive', 'customer']",Support Experience,0.6166666666666667,Positive,False
ORD-45882,Very dissatisfied. It didn't meet my needs. I'm disappointed with the product quality.,3,"[0.2, 0.0, -0.75]","['Positive', 'Neutral', 'Negative']","['dissatisfied', 'product quality', 'disappointed product', 'quality', 'dissatisfied didn']",Product Quality,-0.275,Negative,False
ORD-63231,Very satisfied with the quality and support. Everything was delivered ahead of schedule.,8,"[0.65, 0.0]","['Positive', 'Neutral']","['support delivered', 'satisfied quality', 'quality support', 'satisfied', 'delivered ahead']",Other,0.65,Positive,False
ORD-43599,Customer service was excellent and very responsive. I love the product! It exceeded my expectations. Customer service was excellent and very responsive.,8,"[0.6, 0.625, 0.0, 0.6]","['Positive', 'Positive', 'Neutral', 'Positive']","['customer service', 'service excellent', 'customer', 'excellent responsive', 'expectations customer']",Support Experience,0.6050000000000001,Positive,False
ORD-09957,Very satisfied with the quality and support. Customer service was excellent and very responsive. Customer service was excellent and very responsive.,9,"[0.65, 0.6, 0.6]","['Positive', 'Positive', 'Positive']","['satisfied quality', 'quality support', 'service excellent', 'quality', 'support customer']",Product Quality,0.61,Positive,False
ORD-17309,I had a fantastic experience. Will definitely return.,9,"[0.4, 0.0]","['Positive', 'Neutral']","['definitely return', 'fantastic experience', 'return', 'experience definitely', 'experience']",Other,0.2,Positive,False
ORD-96139,I love the product! It exceeded my expectations.,8,"[0.625, 0.0]","['Positive', 'Neutral']","['love product', 'product', 'product exceeded', 'exceeded expectations', 'love']",Other,0.625,Positive,False
ORD-88968,"It works as described, but I expected more features.",5,[0.2],['Positive'],"['features', 'works described', 'expected features', 'works', 'described']",Other,0.2,Positive,True
ORD-66448,Very satisfied with the quality and support. I love the product! It exceeded my expectations. Customer service was excellent and very responsive.,8,"[0.65, 0.625, 0.0, 0.6]","['Positive', 'Positive', 'Neutral', 'Positive']","['quality support', 'satisfied quality', 'excellent responsive', 'quality', 'satisfied']",Product Quality,0.61875,Positive,False
ORD-82607,Customer service was excellent and very responsive. I had a fantastic experience. Will definitely return. Very satisfied with the quality and support.,9,"[0.6, 0.4, 0.0, 0.65]","['Positive', 'Positive', 'Neutral', 'Positive']","['customer service', 'quality support', 'service excellent', 'excellent responsive', 'customer']",Support Experience,0.45,Positive,False
ORD-37057,I had a fantastic experience. Will definitely return. I had a fantastic experience. Will definitely return.,9,"[0.4, 0.0, 0.4, 0.0]","['Positive', 'Neutral', 'Positive', 'Neutral']","['definitely return', 'fantastic experience', 'return fantastic', 'return', 'experience definitely']",Other,0.2,Positive,False
ORD-00196,I had a fantastic experience. Will definitely return.,10,"[0.4, 0.0]","['Positive', 'Neutral']","['definitely return', 'fantastic experience', 'return', 'experience definitely', 'experience']",Other,0.2,Positive,False
ORD-07451,I love the product! It exceeded my expectations. I had a fantastic experience. Will definitely return.,10,"[0.625, 0.0, 0.4, 0.0]","['Positive', 'Neutral', 'Positive', 'Neutral']","['definitely return', 'fantastic experience', 'love product', 'return', 'expectations fantastic']",Other,0.3416666666666666,Positive,False
ORD-69583,I had a fantastic experience. Will definitely return.,9,"[0.4, 0.0]","['Positive', 'Neutral']","['definitely return', 'fantastic experience', 'return', 'experience definitely', 'experience']",Other,0.2,Positive,False
ORD-88633,Very satisfied with the quality and support.,8,[0.65],['Positive'],"['satisfied quality', 'quality support', 'quality', 'satisfied', 'support']",Product Quality,0.65,Positive,False
ORD-65557,I love the product! It exceeded my expectations. I love the product! It exceeded my expectations. Customer service was excellent and very responsive.,8,"[0.625, 0.0, 0.625, 0.0, 0.6]","['Positive', 'Neutral', 'Positive', 'Neutral', 'Positive']","['excellent responsive', 'love product', 'service excellent', 'responsive', 'customer']",Other,0.6125,Positive,False
ORD-44354,"It works as described, but I expected more features. Nothing stood out, but nothing was particularly bad either. The product was okay, nothing special.",4,"[0.2, -0.6999999999999998, 0.4285714285714286]","['Positive', 'Negative', 'Positive']","['works described', 'bad product', 'features', 'product okay', 'expected features']",Other,0.11142857142857147,Positive,True
ORD-41438,"The product was okay, nothing special. The product was okay, nothing special. The experience was average.",7,"[0.4285714285714286, 0.4285714285714286, -0.15]","['Positive', 'Positive', 'Negative']","['special experience', 'special product', 'product okay', 'experience', 'experience average']",Other,0.3128571428571429,Positive,False
ORD-50106,"The product was okay, nothing special. Delivery was on time, but packaging could be better.",6,"[0.4285714285714286, 0.5]","['Positive', 'Positive']","['packaging better', 'packaging', 'special delivery', 'time packaging', 'delivery time']",Other,0.4523809523809524,Positive,False
ORD-19392,"Nothing stood out, but nothing was particularly bad either. The experience was average. Nothing stood out, but nothing was particularly bad either.",7,"[-0.6999999999999998, -0.15, -0.6999999999999998]","['Negative', 'Negative', 'Negative']","['bad experience', 'experience average', 'average stood', 'experience', 'stood particularly']",Other,-0.5166666666666666,Negative,True
ORD-82739,Everything was delivered ahead of schedule. Very satisfied with the quality and support.,8,"[0.0, 0.65]","['Neutral', 'Positive']","['delivered ahead', 'schedule satisfied', 'ahead schedule', 'delivered', 'quality support']",Other,0.65,Positive,False
ORD-60684,"The product was okay, nothing special. The product was okay, nothing special. Nothing stood out, but nothing was particularly bad either.",7,"[0.4285714285714286, 0.4285714285714286, -0.6999999999999998]","['Positive', 'Positive', 'Negative']","['special product', 'product okay', 'product', 'special stood', 'special']",Other,0.20285714285714293,Positive,False
ORD-69025,I love the product! It exceeded my expectations. I had a fantastic experience. Will definitely return.,10,"[0.625, 0.0, 0.4, 0.0]","['Positive', 'Neutral', 'Positive', 'Neutral']","['definitely return', 'fantastic experience', 'love product', 'return', 'expectations fantastic']",Other,0.3416666666666666,Positive,False
ORD-19294,Everything was delivered ahead of schedule. Customer service was excellent and very responsive. I love the product! It exceeded my expectations.,10,"[0.0, 0.6, 0.625, 0.0]","['Neutral', 'Positive', 'Positive', 'Neutral']","['delivered ahead', 'ahead schedule', 'schedule customer', 'delivered', 'schedule']",Other,0.6083333333333333,Positive,False
ORD-23379,Everything was delivered ahead of schedule. I love the product! It exceeded my expectations. I love the product! It exceeded my expectations.,8,"[0.0, 0.625, 0.0, 0.625, 0.0]","['Neutral', 'Positive', 'Neutral', 'Positive', 'Neutral']","['delivered ahead', 'ahead schedule', 'schedule', 'delivered', 'expectations']",Other,0.625,Positive,False
ORD-78746,I won't be purchasing again. Customer service was unhelpful. I'm disappointed with the product quality.,1,"[0.0, 0.0, -0.75]","['Neutral', 'Neutral', 'Negative']","['product quality', 'disappointed product', 'quality', 'purchasing customer', 'customer']",Product Quality,-0.75,Negative,False
ORD-20177,Customer service was excellent and very responsive. I had a fantastic experience. Will definitely return. Everything was delivered ahead of schedule. Very satisfied with the quality and support.,10,"[0.6, 0.4, 0.0, 0.0, 0.65]","['Positive', 'Positive', 'Neutral', 'Neutral', 'Positive']","['customer service', 'service excellent', 'quality support', 'return delivered', 'excellent responsive']",Support Experience,0.45,Positive,False
ORD-43161,I'm disappointed with the product quality. The order arrived late and was damaged. I'm disappointed with the product quality. The order arrived late and was damaged.,3,"[-0.75, -0.3, -0.75, -0.3]","['Negative', 'Negative', 'Negative', 'Negative']","['product quality', 'quality', 'quality order', 'disappointed product', 'damaged disappointed']",Product Quality,-0.525,Negative,False
ORD-51022,Customer service was excellent and very responsive. I love the product! It exceeded my expectations. Very satisfied with the quality and support.,8,"[0.6, 0.625, 0.0, 0.65]","['Positive', 'Positive', 'Neutral', 'Positive']","['customer service', 'quality support', 'service excellent', 'excellent responsive', 'customer']",Support Experience,0.61875,Positive,False
ORD-03407,"It works as described, but I expected more features. It works as described, but I expected more features. It works as described, but I expected more features. The experience was average.",4,"[0.2, 0.2, 0.2, -0.15]","['Positive', 'Positive', 'Positive', 'Negative']","['features works', 'features experience', 'features', 'expected features', 'experience']",Other,0.15000000000000005,Positive,True
ORD-91944,"Nothing stood out, but nothing was particularly bad either. Nothing stood out, but nothing was particularly bad either. Delivery was on time, but packaging could be better.",6,"[-0.6999999999999998, -0.6999999999999998, 0.5]","['Negative', 'Negative', 'Positive']","['packaging better', 'packaging', 'bad delivery', 'time packaging', 'bad stood']",Other,-0.2999999999999999,Negative,True
ORD-73046,I'm disappointed with the product quality.,3,[-0.75],['Negative'],"['disappointed product', 'product quality', 'quality', 'disappointed', 'product']",Product Quality,-0.75,Negative,False
ORD-91966,I had a fantastic experience. Will definitely return.,8,"[0.4, 0.0]","['Positive', 'Neutral']","['definitely return', 'fantastic experience', 'return', 'experience definitely', 'experience']",Other,0.2,Positive,False
ORD-73181,I love the product! It exceeded my expectations. Very satisfied with the quality and support. I had a fantastic experience. Will definitely return.,9,"[0.625, 0.0, 0.65, 0.4, 0.0]","['Positive', 'Neutral', 'Positive', 'Positive', 'Neutral']","['quality support', 'support fantastic', 'satisfied quality', 'love product', 'support']",Support Experience,0.41874999999999996,Positive,False
ORD-48453,Very satisfied with the quality and support. I had a fantastic experience. Will definitely return. I love the product! It exceeded my expectations. Everything was delivered ahead of schedule.,9,"[0.65, 0.4, 0.0, 0.625, 0.0, 0.0]","['Positive', 'Positive', 'Neutral', 'Positive', 'Neutral', 'Neutral']","['quality support', 'satisfied quality', 'support fantastic', 'quality', 'satisfied']",Product Quality,0.41875,Positive,False
ORD-97689,Everything was delivered ahead of schedule. Very satisfied with the quality and support. I love the product! It exceeded my expectations.,8,"[0.0, 0.65, 0.625, 0.0]","['Neutral', 'Positive', 'Positive', 'Neutral']","['delivered ahead', 'schedule satisfied', 'ahead schedule', 'delivered', 'schedule']",Other,0.6375,Positive,False
ORD-39984,Very satisfied with the quality and support. I had a fantastic experience. Will definitely return. I love the product! It exceeded my expectations. Customer service was excellent and very responsive.,10,"[0.65, 0.4, 0.0, 0.625, 0.0, 0.6]","['Positive', 'Positive', 'Neutral', 'Positive', 'Neutral', 'Positive']","['quality support', 'satisfied quality', 'excellent responsive', 'support fantastic', 'quality']",Product Quality,0.4791666666666667,Positive,False
ORD-07508,I had a fantastic experience. Will definitely return. Everything was delivered ahead of schedule.,9,"[0.4, 0.0, 0.0]","['Positive', 'Neutral', 'Neutral']","['definitely return', 'return delivered', 'fantastic experience', 'return', 'delivered ahead']",Other,0.2,Positive,False
ORD-81621,Very dissatisfied. It didn't meet my needs. I won't be purchasing again. The order arrived late and was damaged.,2,"[0.2, 0.0, 0.0, -0.3]","['Positive', 'Neutral', 'Neutral', 'Negative']","['dissatisfied', 'dissatisfied didn', 'won purchasing', 'purchasing', 'order arrived']",Other,-0.04999999999999999,Neutral,False
ORD-96077,"Nothing stood out, but nothing was particularly bad either.",5,[-0.6999999999999998],['Negative'],"['stood particularly', 'particularly bad', 'bad', 'stood', 'particularly']",Other,-0.6999999999999998,Negative,False
ORD-88199,Very satisfied with the quality and support. I had a fantastic experience. Will definitely return.,10,"[0.65, 0.4, 0.0]","['Positive', 'Positive', 'Neutral']","['quality support', 'satisfied quality', 'support fantastic', 'quality', 'satisfied']",Product Quality,0.35000000000000003,Positive,False
ORD-23725,Everything was delivered ahead of schedule. I love the product! It exceeded my expectations. I love the product! It exceeded my expectations. Customer service was excellent and very responsive.,9,"[0.0, 0.625, 0.0, 0.625, 0.0, 0.6]","['Neutral', 'Positive', 'Neutral', 'Positive', 'Neutral', 'Positive']","['delivered ahead', 'ahead schedule', 'schedule', 'delivered', 'expectations customer']",Other,0.6125,Positive,False
ORD-53185,Customer service was excellent and very responsive.,9,[0.6],['Positive'],"['service excellent', 'customer service', 'excellent responsive', 'customer', 'service']",Support Experience,0.6,Positive,False
ORD-32755,I'm disappointed with the product quality. I'm disappointed with the product quality.,3,"[-0.75, -0.75]","['Negative', 'Negative']","['quality disappointed', 'product quality', 'disappointed product', 'quality', 'disappointed']",Product Quality,-0.75,Negative,False
ORD-13827,Very satisfied with the quality and support. Very satisfied with the quality and support. I love the product! It exceeded my expectations. I had a fantastic experience. Will definitely return.,8,"[0.65, 0.65, 0.625, 0.0, 0.4, 0.0]","['Positive', 'Positive', 'Positive', 'Neutral', 'Positive', 'Neutral']","['quality support', 'support satisfied', 'satisfied quality', 'quality', 'satisfied']",Product Quality,0.465,Positive,False
ORD-64356,I had a fantastic experience. Will definitely return. Very satisfied with the quality and support. Very satisfied with the quality and support.,8,"[0.4, 0.0, 0.65, 0.65]","['Positive', 'Neutral', 'Positive', 'Positive']","['return satisfied', 'quality support', 'support satisfied', 'definitely return', 'satisfied quality']",Other,0.42500000000000004,Positive,False
ORD-61628,"It works as described, but I expected more features.",4,[0.2],['Positive'],"['features', 'works described', 'expected features', 'works', 'described']",Other,0.2,Positive,True
ORD-34488,Customer service was unhelpful.,1,[0.0],['Neutral'],"['service unhelpful', 'unhelpful', 'customer service', 'customer', 'service']",Support Experience,0.0,Neutral,False
ORD-38544,"Delivery was on time, but packaging could be better. It works as described, but I expected more features. Nothing stood out, but nothing was particularly bad either.",7,"[0.5, 0.2, -0.6999999999999998]","['Positive', 'Positive', 'Negative']","['packaging better', 'packaging', 'delivery', 'delivery time', 'time packaging']",Other,0.050000000000000044,Neutral,False
ORD-16747,Customer service was excellent and very responsive. Customer service was excellent and very responsive. I love the product! It exceeded my expectations. I love the product! It exceeded my expectations.,8,"[0.6, 0.6, 0.625, 0.0, 0.625, 0.0]","['Positive', 'Positive', 'Positive', 'Neutral', 'Positive', 'Neutral']","['responsive customer', 'customer service', 'service excellent', 'customer', 'excellent responsive']",Support Experience,0.6083333333333334,Positive,False
ORD-32793,The order arrived late and was damaged. I'm disappointed with the product quality. I won't be purchasing again. I won't be purchasing again.,2,"[-0.3, -0.75, 0.0, 0.0]","['Negative', 'Negative', 'Neutral', 'Neutral']","['quality', 'product quality', 'quality won', 'order arrived', 'damaged']",Product Quality,-0.525,Negative,False
ORD-14431,Very satisfied with the quality and support. I had a fantastic experience. Will definitely return. Customer service was excellent and very responsive.,10,"[0.65, 0.4, 0.0, 0.6]","['Positive', 'Positive', 'Neutral', 'Positive']","['quality support', 'satisfied quality', 'excellent responsive', 'quality', 'support fantastic']",Product Quality,0.45,Positive,False
ORD-00832,Everything was delivered ahead of schedule.,10,[0.0],['Neutral'],"['ahead schedule', 'delivered ahead', 'schedule', 'delivered', 'ahead']",Other,0.0,Neutral,False
ORD-58294,Customer service was excellent and very responsive. I had a fantastic experience. Will definitely return.,8,"[0.6, 0.4, 0.0]","['Positive', 'Positive', 'Neutral']","['service excellent', 'customer service', 'excellent responsive', 'responsive fantastic', 'customer']",Support Experience,0.4,Positive,False
ORD-62090,Customer service was excellent and very responsive. Everything was delivered ahead of schedule.,10,"[0.6, 0.0]","['Positive', 'Neutral']","['service excellent', 'customer service', 'responsive delivered', 'customer', 'excellent responsive']",Support Experience,0.6,Positive,False
ORD-21676,I had a fantastic experience. Will definitely return. I had a fantastic experience. Will definitely return.,10,"[0.4, 0.0, 0.4, 0.0]","['Positive', 'Neutral', 'Positive', 'Neutral']","['definitely return', 'fantastic experience', 'return fantastic', 'return', 'experience definitely']",Other,0.2,Positive,False
ORD-94027,The order arrived late and was damaged. Customer service was unhelpful. I'm disappointed with the product quality.,3,"[-0.3, 0.0, -0.75]","['Negative', 'Neutral', 'Negative']","['order arrived', 'product quality', 'damaged customer', 'quality', 'order']",Product Quality,-0.525,Negative,False
ORD-85752,"Delivery was on time, but packaging could be better. Nothing stood out, but nothing was particularly bad either. The product was okay, nothing special.",7,"[0.5, -0.6999999999999998, 0.4285714285714286]","['Positive', 'Negative', 'Positive']","['packaging better', 'packaging', 'delivery time', 'time packaging', 'delivery']",Other,0.1642857142857143,Positive,False
ORD-87313,"The experience was average. Delivery was on time, but packaging could be better. The experience was average.",5,"[-0.15, 0.5, -0.15]","['Negative', 'Positive', 'Negative']","['average delivery', 'packaging better', 'delivery time', 'packaging', 'experience average']",Other,0.06666666666666667,Neutral,False
ORD-65592,I love the product! It exceeded my expectations.,10,"[0.625, 0.0]","['Positive', 'Neutral']","['love product', 'product', 'product exceeded', 'exceeded expectations', 'love']",Other,0.625,Positive,False
ORD-81591,Customer service was excellent and very responsive. I had a fantastic experience. Will definitely return.,8,"[0.6, 0.4, 0.0]","['Positive', 'Positive', 'Neutral']","['service excellent', 'customer service', 'excellent responsive', 'responsive fantastic', 'customer']",Support Experience,0.4,Positive,False
ORD-01016,"Nothing stood out, but nothing was particularly bad either. The product was okay, nothing special. The product was okay, nothing special. Delivery was on time, but packaging could be better.",4,"[-0.6999999999999998, 0.4285714285714286, 0.4285714285714286, 0.5]","['Negative', 'Positive', 'Positive', 'Positive']","['packaging better', 'packaging', 'bad product', 'time packaging', 'product okay']",Other,0.25238095238095243,Positive,True
ORD-49404,I'm disappointed with the product quality. I'm disappointed with the product quality. I'm disappointed with the product quality.,1,"[-0.75, -0.75, -0.75]","['Negative', 'Negative', 'Negative']","['quality disappointed', 'product quality', 'disappointed product', 'quality', 'disappointed']",Product Quality,-0.75,Negative,False
ORD-22009,"Delivery was on time, but packaging could be better. It works as described, but I expected more features. It works as described, but I expected more features. Nothing stood out, but nothing was particularly bad either.",4,"[0.5, 0.2, 0.2, -0.6999999999999998]","['Positive', 'Positive', 'Positive', 'Negative']","['packaging better', 'packaging', 'delivery', 'delivery time', 'time packaging']",Other,0.10000000000000003,Positive,True
ORD-97260,The experience was average. The experience was average. The experience was average.,7,"[-0.15, -0.15, -0.15]","['Negative', 'Negative', 'Negative']","['average experience', 'experience average', 'experience', 'average']",Other,-0.15,Negative,True
ORD-56832,"Delivery was on time, but packaging could be better. It works as described, but I expected more features.",6,"[0.5, 0.2]","['Positive', 'Positive']","['packaging better', 'delivery time', 'packaging', 'delivery', 'time packaging']",Other,0.3,Positive,False
ORD-97053,Very satisfied with the quality and support. I love the product! It exceeded my expectations.,9,"[0.65, 0.625, 0.0]","['Positive', 'Positive', 'Neutral']","['quality support', 'satisfied quality', 'quality', 'satisfied', 'support']",Product Quality,0.6375,Positive,False
ORD-52447,I love the product! It exceeded my expectations. Customer service was excellent and very responsive. I love the product! It exceeded my expectations.,9,"[0.625, 0.0, 0.6, 0.625, 0.0]","['Positive', 'Neutral', 'Positive', 'Positive', 'Neutral']","['excellent responsive', 'love product', 'service excellent', 'responsive love', 'responsive']",Other,0.6125,Positive,False
ORD-12752,Very dissatisfied. It didn't meet my needs. I won't be purchasing again. Customer service was unhelpful. I won't be purchasing again.,2,"[0.2, 0.0, 0.0, 0.0, 0.0]","['Positive', 'Neutral', 'Neutral', 'Neutral', 'Neutral']","['dissatisfied', 'dissatisfied didn', 'purchasing customer', 'customer service', 'customer']",Support Experience,0.2,Positive,True
ORD-56263,I had a fantastic experience. Will definitely return.,10,"[0.4, 0.0]","['Positive', 'Neutral']","['definitely return', 'fantastic experience', 'return', 'experience definitely', 'experience']",Other,0.2,Positive,False
ORD-08317,Very satisfied with the quality and support. Customer service was excellent and very responsive.,9,"[0.65, 0.6]","['Positive', 'Positive']","['quality support', 'satisfied quality', 'service excellent', 'quality', 'excellent responsive']",Product Quality,0.6166666666666666,Positive,False
ORD-18183,I had a fantastic experience. Will definitely return.,8,"[0.4, 0.0]","['Positive', 'Neutral']","['definitely return', 'fantastic experience', 'return', 'experience definitely', 'experience']",Other,0.2,Positive,False
ORD-85635,Customer service was unhelpful. I'm disappointed with the product quality. The order arrived late and was damaged. Customer service was unhelpful.,3,"[0.0, -0.75, -0.3, 0.0]","['Neutral', 'Negative', 'Negative', 'Neutral']","['customer service', 'damaged customer', 'customer', 'quality order', 'product quality']",Support Experience,-0.525,Negative,False
ORD-52389,"The product was okay, nothing special. The product was okay, nothing special. It works as described, but I expected more features.",7,"[0.4285714285714286, 0.4285714285714286, 0.2]","['Positive', 'Positive', 'Positive']","['special product', 'product okay', 'features', 'special works', 'expected features']",Other,0.3523809523809524,Positive,False
